tag,job,commit,k1,k2,k3,score,passed,timestamp,note
CTRL-base,42133,bb6b08c,101004,43164,248005,7.0284,True,2026-09-16 10:38:24,smoke test of harness
CTRL-base,42135,bb6b08c,101195,48430,255673,6.6913,True,2026-09-16 10:38:24,smoke test of harness
CTRL-0921,70996,603f347,106215,48628,254811,6.5827,True,2026-09-21 20:54,fresh rebuild of HEAD; queue busy
CTRL-0921,70997,603f347,99601,45459,251953,6.9039,True,2026-09-21 20:54,fresh rebuild of HEAD
K3-tailv11,71725,,104047,41056,237362,7.1806,True,2026-09-22 01:51,
CTRL-0922a,71724,,111403,41910,255167,6.8048,True,2026-09-22 01:51,
CTRL-0922b,71726,,100411,46810,252945,6.8095,True,2026-09-22 01:51,
K2-fusedA,71727,,101721,45545,251649,6.8541,True,2026-09-22 01:51,
K2-fusedA,71729,,104197,46165,253521,6.7521,True,2026-09-22 01:52,
K3-dscale,71730,,100707,49556,253194,6.6726,True,2026-09-22 01:52,
K3-dscale,71733,,102193,44836,248486,6.9085,True,2026-09-22 01:53,
K3-tailv11,71734,,102827,49994,245726,6.6733,True,2026-09-22 01:53,
K3-tailv11,71735,,105259,49065,248528,6.6379,True,2026-09-22 01:53,
CTRL-0922c,71736,,102789,49846,252781,6.618,True,2026-09-22 01:53,
K3-dscale,71739,,92657,44734,248208,7.1459,True,2026-09-22 01:54,
K3-tailv11,71740,,106503,47058,245534,6.7318,True,2026-09-22 01:54,
K3-v11-dscale,71753,,103097,40228,240228,7.2227,True,2026-09-22 02:01,
K3-tailv11,71754,,103813,52483,246564,6.5378,True,2026-09-22 02:01,
K3-tailv11,71756,,177501,64621,266470,4.9708,True,2026-09-22 02:01,
K3-v11-dscale,71757,,100082,43471,233370,7.1774,True,2026-09-22 02:01,
K3-v11-dscale,71758,,106755,53896,244390,6.4391,True,2026-09-22 02:01,
K3-tailv11,71760,,101272,46593,245348,6.8702,True,2026-09-22 02:02,
K3-down15-v1,71836,,92037,47233,242373,7.0893,True,2026-09-22 02:26,
K3-down15-v1,71839,,100107,48148,251431,6.7662,True,2026-09-22 02:26,
K2-halfnorm-v2,71840,,99407,49128,252769,6.7247,True,2026-09-22 02:27,
K2-fused2p-v1,71841,,103198,49575,251887,6.6291,True,2026-09-22 02:27,
K2-fused2p-v1,71843,,103023,46273,248575,6.817,True,2026-09-22 02:27,
K2-halfnorm-v2,71845,,109727,43368,246513,6.84,True,2026-09-22 02:27,
K2adopt-v2p-postfix,72007,,107253,55643,237444,6.4225,True,2026-09-22 06:23,
K2adopt-v2p-postfix,72009,,105845,45083,236646,6.9274,True,2026-09-22 06:23,
K2adopt-v2p-postfix,72011,,106255,50214,237304,6.6681,True,2026-09-22 06:24,
CTRL-optnext,72020,,96685,48883,239070,6.926,True,2026-09-22 06:27,
COMBO-k1v1-k2v2p,72022,,98602,49261,246402,6.7944,True,2026-09-22 06:28,
CTRL-optnext,72026,,99759,40402,231256,7.385,True,2026-09-22 06:29,
TRACE-optnext,72029,,96999,47690,233941,7.0264,True,2026-09-22 06:30,trace
COMBO-k1v1-k2v2p,72033,,86320,39217,236706,7.7666,True,2026-09-22 06:30,
CTRL-optnext,72037,,108725,51664,243670,6.4972,True,2026-09-22 06:31,
COMBO-k1v1-k2v2p,72043,,96708,45899,269404,6.7963,True,2026-09-22 06:33,
CTRL-optnext,72048,,97021,52872,234980,6.7783,True,2026-09-22 06:33,
COMBO-k1v1-k2v2p,72050,,97182,47983,248604,6.8671,True,2026-09-22 06:34,
K2-NOSYNC-diag,72055,,95583,50457,246675,6.808,False,2026-09-22 06:35,trace
TRACE-k3merge,72057,,109038,51602,233523,6.5863,True,2026-09-22 06:36,trace
K2-112-8,72059,,92683,48990,237518,7.0344,True,2026-09-22 06:37,trace
INT-k1v1-k2v2p-k3merge,72066,,93307,46086,231455,7.2252,True,2026-09-22 06:39,trace
INT-k1v1-k2v2p-k3merge,72067,,103203,50048,235123,6.7615,True,2026-09-22 06:39,trace
INT-notrace,72068,,95660,61186,235952,6.4778,True,2026-09-22 06:41,
INT-notrace,72069,,96504,53583,236706,6.7438,True,2026-09-22 06:41,
INT-notrace,72070,,96006,47607,231444,7.0799,True,2026-09-22 06:41,
INT-notrace,72071,,99052,48994,227228,6.9825,True,2026-09-22 06:41,
TRACE-k1v3,72072,,97319,52992,261533,6.5291,True,2026-09-22 06:42,trace
INT2-k1v3,72073,,95295,44770,227399,7.287,True,2026-09-22 06:46,trace
INT2-notrace,72074,,95465,56167,231734,6.7101,True,2026-09-22 06:46,
INT2-notrace,72075,,84876,38701,226478,7.9614,True,2026-09-22 06:46,
INT2-notrace,72077,,91117,45531,224394,7.388,True,2026-09-22 06:46,
OPTNEXT-e08affc,72081,,91744,46233,229282,7.2811,True,2026-09-22 06:50,
OPTNEXT-e08affc,72082,,90514,50571,233618,7.0543,True,2026-09-22 06:50,
OPTNEXT-e08affc,72083,,95078,50918,232944,6.9305,True,2026-09-22 06:50,
OPTNEXT-e08affc,72084,,101561,50088,233560,6.811,True,2026-09-22 06:50,
OPTNEXT-e08affc,72086,,93582,45578,236422,7.1937,True,2026-09-22 06:50,
OPTNEXT-e08affc,72087,,97834,47677,233212,7.0143,True,2026-09-22 06:50,
INT3-k2-1piece,72093,,96649,51970,234019,6.8354,True,2026-09-22 06:55,trace
OPTNEXT-d003b4f,72096,,98576,50997,228764,6.8854,True,2026-09-22 06:56,
OPTNEXT-d003b4f,72097,,98492,44002,224741,7.2775,True,2026-09-22 06:56,
OPTNEXT-d003b4f,72098,,93937,48783,226550,7.1243,True,2026-09-22 06:56,
OPTNEXT-d003b4f,72099,,88424,41614,234924,7.5727,True,2026-09-22 06:56,
OPTNEXT-d003b4f,72100,,95562,51278,229504,6.9369,True,2026-09-22 06:57,
TRACE-ctrl-again,72106,,100788,47874,238703,6.8819,True,2026-09-22 06:58,trace
TRACE-ctrl-again,72107,,97382,46560,244083,6.9741,True,2026-09-22 06:58,trace
TRACE-k3tail,72116,,94943,49544,230229,7.0247,False,2026-09-22 07:02,trace
OPTNEXT-d003b4f,72120,,101603,44846,231522,7.0864,True,2026-09-22 07:04,
OPTNEXT-d003b4f,72121,,91694,41626,228476,7.5506,True,2026-09-22 07:04,
OPTNEXT-d003b4f,72122,,88956,41800,225472,7.6504,True,2026-09-22 07:04,
OPTNEXT-d003b4f,72123,,95201,38406,224706,7.7022,True,2026-09-22 07:05,
TRACE-k3tail2,72128,,95007,50494,229219,6.989,False,2026-09-22 07:07,trace
OPTNEXT-now,72130,,97694,48867,231870,6.9736,True,2026-09-22 07:08,
OPTNEXT-now,72131,,89106,43886,231740,7.4545,True,2026-09-22 07:08,
OPTNEXT-now,72132,,92669,43144,230830,7.4094,True,2026-09-22 07:08,
TRACE-d003b4f-2,72134,,95563,49648,235729,6.9497,True,2026-09-22 07:09,trace
TRACE-normw,72140,,96256,50536,234641,6.9027,True,2026-09-22 07:12,trace
TRACE-60rows,72141,,96379,48730,254010,6.8018,False,2026-09-22 07:13,trace
TRACE-down2,72147,,96379,47184,237926,7.0268,True,2026-09-22 07:19,trace
OPTNEXT-538e1bf,72149,,93158,48784,232097,7.0867,True,2026-09-22 07:20,
OPTNEXT-538e1bf,72150,,94782,50455,232189,6.9664,True,2026-09-22 07:20,
OPTNEXT-538e1bf,72151,,93836,47272,236731,7.0972,True,2026-09-22 07:20,
OPTNEXT-538e1bf,72152,,89604,47639,233471,7.222,True,2026-09-22 07:20,
OPTNEXT-538e1bf,72153,,89784,43224,223833,7.5605,True,2026-09-22 07:20,
TRACE-downrows,72154,,91074,49776,270554,6.7392,True,2026-09-22 07:22,trace
TRACE-subscale,72155,,91745,45684,237840,7.2214,True,2026-09-22 07:25,trace
TRACE-subscale2,72156,,97499,46644,234942,7.0563,True,2026-09-22 07:25,trace
TRACE-down2b,72158,,103993,45344,231036,7.0107,True,2026-09-22 07:26,trace
TRACE-k1a,73098,,113710,48728,225152,6.7011,True,2026-09-22 12:57,trace
TRACE-k1a,73099,,99438,43928,226320,7.2415,True,2026-09-22 12:57,trace
TRACE-k1quad,74184,,96301,49063,233008,6.9863,True,2026-09-22 18:30,trace
TRACE-k1quad,74185,,90434,42087,233694,7.5011,True,2026-09-22 18:31,trace
CODEX-control,74377,35b7838,93915,48708,231702,7.0753,True,2026-09-22 19:30,codex follow-up; trace
CODEX-pairedrope,74397,35b7838+paired-rope,99584,42832,225878,7.3039,True,2026-09-22 19:37,codex follow-up; trace
CODEX-splitgate,74399,35b7838+experiment,98777,59022,232518,6.5181,True,2026-09-22 19:37,codex follow-up; trace
CODEX-control2,74421,35b7838,91931,45992,235346,7.2257,True,2026-09-22 19:45,codex follow-up; trace
CODEX-single-read,74429,35b7838+experiment,90171,42792,228622,,False,2026-09-22 19:46,codex follow-up; trace; rejected non-finite K2
CODEX-pairedrope2,74438,35b7838+paired-rope,89322,48764,232068,7.188,True,2026-09-22 19:51,codex follow-up; trace
CODEX-headtables,74446,35b7838+experiment,106536,46718,238730,6.8109,True,2026-09-22 19:53,codex follow-up; trace
CODEX-info-control1,74453,35b7838,93462,47188,232279,7.156,True,2026-09-22 19:56,codex follow-up; info
CODEX-info-pairedrope1,74463,35b7838+paired-rope,91453,42420,235099,7.4386,True,2026-09-22 20:00,codex follow-up; info
CODEX-info-control2,74477,35b7838,112638,45136,230963,6.8378,True,2026-09-22 20:03,codex follow-up; info
CODEX-info-pairedrope2,74482,35b7838+paired-rope,97315,46604,234971,7.0625,True,2026-09-22 20:05,codex follow-up; info
LOOP-35b7838,74567,,89980,46208,226973,7.3545,True,2026-09-22 20:36,
LOOP-35b7838,74575,,93519,49467,227525,7.0917,True,2026-09-22 20:38,
LOOP-35b7838,74590,,92536,41085,230639,7.5368,True,2026-09-22 20:40,
LOOP-35b7838,74597,,95258,52902,225395,6.9139,True,2026-09-22 20:42,
LOOP-35b7838,74605,,89562,42820,222029,7.6109,True,2026-09-22 20:44,
LOOP-35b7838,74609,,93386,44577,227021,7.351,True,2026-09-22 20:46,
LOOP-35b7838,74618,,92812,45246,231199,7.2852,True,2026-09-22 20:49,
LOOP-35b7838,74624,,91724,47030,233007,7.2015,True,2026-09-22 20:51,
LOOP-35b7838,74636,,93278,47024,231453,7.1776,True,2026-09-22 20:55,
LOOP-35b7838,74644,,112490,49704,234925,6.587,True,2026-09-22 20:57,
LOOP-35b7838,74652,,107918,59936,325411,5.6289,True,2026-09-22 21:00,
LOOP-35b7838,74665,,85506,42296,225177,7.7249,True,2026-09-22 21:03,
LOOP-35b7838,74674,,93488,41866,231167,7.4585,True,2026-09-22 21:06,
LOOP-35b7838,74682,,92252,50346,231387,7.0427,True,2026-09-22 21:09,
LOOP-35b7838,74695,,93932,41762,247405,7.2861,True,2026-09-22 21:13,
LOOP-35b7838,74710,,97427,47275,228527,7.0917,True,2026-09-22 21:19,
LOOP-35b7838,74728,,90688,49545,233359,7.1008,True,2026-09-22 21:24,
LOOP-35b7838,74743,,98070,41756,226963,7.392,True,2026-09-22 21:28,
LOOP-35b7838,74758,,94874,47558,241709,7.0083,True,2026-09-22 21:33,
LOOP-35b7838,74775,,102754,44324,234181,7.0605,True,2026-09-22 21:39,
LOOP-35b7838,74796,,108564,46140,229453,6.8867,True,2026-09-22 21:45,
LOOP-35b7838,74815,,96848,58066,241217,6.5167,True,2026-09-22 21:49,
LOOP-35b7838,74826,,97203,46304,228903,7.1425,True,2026-09-22 21:54,
LOOP-35b7838,74844,,96788,50464,233417,6.9054,True,2026-09-22 22:01,
LOOP-35b7838,74862,,96570,40890,224751,7.5066,True,2026-09-22 22:05,
LOOP-35b7838,74873,,94967,48256,226455,7.1252,True,2026-09-22 22:08,
LOOP-35b7838,74879,,94872,44962,227555,7.2858,True,2026-09-22 22:09,
LOOP-35b7838,74884,,95116,45916,227799,7.2262,True,2026-09-22 22:10,
LOOP-35b7838,74891,,96868,48170,230791,7.0378,True,2026-09-22 22:12,
LOOP-35b7838,74897,,95963,49726,231141,6.9819,True,2026-09-22 22:13,
LOOP-35b7838,74902,,90416,40866,256599,7.3431,True,2026-09-22 22:14,
LOOP-35b7838,74907,,84154,48528,233319,7.3309,True,2026-09-22 22:15,
LOOP-35b7838,74912,,97268,45126,228473,7.207,True,2026-09-22 22:16,
LOOP-35b7838,74918,,94386,49674,228961,7.0453,True,2026-09-22 22:16,
LOOP-35b7838,74922,,93072,50019,226923,7.0831,True,2026-09-22 22:17,
LOOP-35b7838,74926,,89454,51389,233515,7.0454,True,2026-09-22 22:17,
LOOP-35b7838,74930,,96129,44714,226093,7.2829,True,2026-09-22 22:18,
LOOP-35b7838,74932,,96741,53783,241883,6.6816,True,2026-09-22 22:18,
LOOP-35b7838,74933,,101526,43146,225677,7.2415,True,2026-09-22 22:18,
LOOP-35b7838,74936,,86974,49740,230289,7.2229,True,2026-09-22 22:19,
LOOP-35b7838,74940,,95160,50434,228937,6.9909,True,2026-09-22 22:20,
LOOP-35b7838,74944,,94849,47563,231069,7.1146,True,2026-09-22 22:20,
LOOP-35b7838,74946,,92610,47806,225289,7.22,True,2026-09-22 22:20,
LOOP-35b7838,74949,,96280,45528,235011,7.1427,True,2026-09-22 22:21,
LOOP-35b7838,74954,,96540,47787,234223,7.0299,True,2026-09-22 22:22,
LOOP-35b7838,74957,,91252,41862,235061,7.4774,True,2026-09-22 22:23,
LOOP-35b7838,74960,,96620,47434,232267,7.0651,True,2026-09-22 22:24,
LOOP-35b7838,74966,,91782,48464,231115,7.1476,True,2026-09-22 22:25,
LOOP-35b7838,74972,,98042,50962,236815,6.8204,True,2026-09-22 22:26,
LOOP-35b7838,74979,,90892,49342,228905,7.151,True,2026-09-22 22:27,
LOOP-35b7838,74988,,119442,48302,231693,6.5487,True,2026-09-22 22:30,
LOOP-35b7838,74998,,92860,55792,231987,6.7849,True,2026-09-22 22:32,
LOOP-35b7838,75009,,100786,46462,222049,7.1206,True,2026-09-22 22:35,
LOOP-35b7838,75018,,103428,50703,236339,6.7158,True,2026-09-22 22:37,
LOOP-35b7838,75028,,100691,50483,235199,6.7968,True,2026-09-22 22:40,
LOOP-35b7838,75033,,112435,44746,232827,6.8433,True,2026-09-22 22:40,
LOOP-35b7838,75037,,89746,43750,221529,7.5571,True,2026-09-22 22:41,
LOOP-35b7838,75043,,91098,46142,235227,7.241,True,2026-09-22 22:42,
LOOP-35b7838,75045,,98101,51886,235893,6.7871,True,2026-09-22 22:43,
LOOP-35b7838,75048,,96274,47338,230595,7.0954,True,2026-09-22 22:44,
LOOP-35b7838,75051,,99526,44494,226585,7.2057,True,2026-09-22 22:44,
LOOP-35b7838,75058,,91390,44618,235609,7.3108,True,2026-09-22 22:47,
LOOP-35b7838,75066,,108212,46544,236063,6.8094,True,2026-09-22 22:48,
LOOP-35b7838,75069,,94270,42048,235281,7.3835,True,2026-09-22 22:50,
LOOP-35b7838,75074,,91204,48390,230619,7.1715,True,2026-09-22 22:51,
LOOP-35b7838,75076,,92855,51242,237641,6.9244,True,2026-09-22 22:51,
LOOP-35b7838,75078,,95400,48835,228965,7.0602,True,2026-09-22 22:52,
LOOP-35b7838,75080,,95124,48796,229915,7.0591,True,2026-09-22 22:52,
LOOP-35b7838,75082,,96371,50498,229961,6.9482,True,2026-09-22 22:52,
LOOP-35b7838,75084,,100590,52371,257689,6.515,True,2026-09-22 22:53,
LOOP-35b7838,75085,,97299,42211,223123,7.4269,True,2026-09-22 22:53,
LOOP-35b7838,75086,,103544,43747,231393,7.1016,True,2026-09-22 22:53,
LOOP-35b7838,75087,,93516,46408,232051,7.1969,True,2026-09-22 22:54,
LOOP-35b7838,75088,,91660,48026,229995,7.1841,True,2026-09-22 22:54,
LOOP-35b7838,75090,,120378,42346,233391,6.808,True,2026-09-22 22:56,
LOOP-35b7838,75093,,96589,50950,233283,6.8894,True,2026-09-22 22:56,
LOOP-35b7838,75095,,119106,48606,228377,6.5726,True,2026-09-22 22:56,
LOOP-35b7838,75096,,92086,44048,224635,7.441,True,2026-09-22 22:57,
LOOP-35b7838,75099,,88278,48570,236431,7.1811,True,2026-09-22 22:57,
LOOP-35b7838,75101,,92270,44278,242063,7.2406,True,2026-09-22 22:57,
LOOP-35b7838,75103,,92254,48942,231953,7.1036,True,2026-09-22 22:58,
LOOP-35b7838,75107,,89974,46558,233495,7.2672,True,2026-09-22 22:58,
LOOP-35b7838,75109,,92468,45837,229491,7.2807,True,2026-09-22 22:59,
LOOP-35b7838,75110,,93864,47114,230559,7.1673,True,2026-09-22 22:59,
LOOP-35b7838,75111,,83854,44452,239573,7.4911,True,2026-09-22 22:59,
LOOP-35b7838,75115,,90649,46857,227111,7.3008,True,2026-09-22 23:00,
LOOP-35b7838,75121,,98683,50764,231873,6.8625,True,2026-09-22 23:01,
LOOP-35b7838,75125,,89570,43574,221607,7.5714,True,2026-09-22 23:01,
LOOP-35b7838,75128,,101032,51202,234163,6.7672,True,2026-09-22 23:02,
LOOP-35b7838,75130,,94382,45428,233201,7.2141,True,2026-09-22 23:02,
LOOP-35b7838,75133,,96626,45329,237163,7.1229,True,2026-09-22 23:03,
LOOP-35b7838,75134,,92279,50634,233883,7.0035,True,2026-09-22 23:04,
LOOP-35b7838,75135,,102979,50071,236007,6.7569,True,2026-09-22 23:04,
LOOP-35b7838,75137,,94201,45377,230863,7.2457,True,2026-09-22 23:04,
LOOP-35b7838,75138,,95296,44390,214955,7.4461,True,2026-09-22 23:05,
LOOP-35b7838,75139,,89996,43830,224261,7.5148,True,2026-09-22 23:05,
LOOP-35b7838,75142,,96314,47930,232657,7.0441,True,2026-09-22 23:05,
LOOP-35b7838,75146,,98185,50860,239589,6.7952,True,2026-09-22 23:06,
LOOP-35b7838,75148,,100860,46984,228067,7.0294,True,2026-09-22 23:06,
LOOP-35b7838,75149,,103044,45730,223589,7.0894,True,2026-09-22 23:07,
